book_title,keywords
the_hunger_games,suzanne_collins katniss winning hunger lottery districts
harry_potter_and_the_order_of_the_phoenix,j.k._rowling mary_grandpré harry hogwarts terror darkness gryffindor
to_kill_a_mockingbird,harper_lee mockingbird literature pulitzer novel bestseller
twilight,stephenie_meyer cullen vampire vampires bella edward
the_book_thief,markus_zusak liesel jewish german book war
the_chronicles_of_narnia,c.s._lewis pauline_baynes narnia chronicles books literature book
gone_with_the_wind,margaret_mitchell wind novel poem scarlett margaret
the_fault_in_our_stars,john_green hazel cancer author stars tumor
the_hitchhiker's_guide_to_the_galaxy,douglas_adams hitchhiker interstellar galaxy galactic earth
the_giving_tree,shel_silverstein tree silverstein gifted consolation unforgettable
wuthering_heights,emily_brontë richard_j._dunn david_timson charlotte_brontë ruth_golding robert_heindel heathcliff wuthering editions novel 1847
the_da_vinci_code,dan_brown vinci leonardo langdon louvre priory
memoirs_of_a_geisha,arthur_golden geisha novel memoirs confessions fiction
alice's_adventures_in_wonderland_&_through_the_looking-glass,lewis_carroll john_tenniel martin_gardner alice wonderland rabbit adventures book
the_picture_of_dorian_gray,oscar_wilde jeffrey_eugenides wilde dorian novel autobiography tale
les_misérables,victor_hugo lee_fahnestock norman_macafee valjean hugo literature novels victor
divergent,veronica_roth beatrice tris initiation dystopian psychological
jane_eyre,charlotte_brontë michael_mason eyre jane rochester thornfield brooding
romeo_and_juliet,william_shakespeare barbara_a._mowat paul_werstine juliet romeo shakespeare montagues verona
lord_of_the_flies,william_golding apocalypse terror adventure darkness innocence
the_alchemist,paulo_coelho alan_r._clarke özdemir_i̇nce coelho santiago paulo journey masterpiece
crime_and_punishment,fyodor_dostoyevsky david_mcduff dostoevsky raskolnikov novel literatures tsars
ender's_game,orson_scott_card ender andrew war commoner peter
the_perks_of_being_a_wallflower,stephen_chbosky wallflower charlie novel adolescence chbosky
city_of_bones,cassandra_clare franca_fritz heinrich_koop franka_fritz clary shadowhunters shadowhunter demons jace
the_help,kathryn_stockett maid clandestine women woman daughters
the_great_gatsby,f._scott_fitzgerald gatsby 1920s fitzgerald 1925 buchanan
the_time_traveler's_wife,audrey_niffenegger clare novel marriage henry married
charlotte's_web,e.b._white garth_williams rosemary_wells paperback newbery books literature book
anne_of_green_gables,l.m._montgomery gables shirley orphan anne orphanage
of_mice_and_men,john_steinbeck steinbeck novel outsiders lennie broadway
dracula,bram_stoker nina_auerbach david_j._skal dracula bibliography novel isbn interpretations
brave_new_world,aldous_huxley huxley brave novel dystopian utopian
one_hundred_years_of_solitude,gabriel_garcía_márquez gregory_rabassa novel buendia solitude chronicles genre
the_little_prince,antoine_de_saint-exupéry richard_howard dom_marcos_barbosa melina_karakosta autobiography voyage prince adventures book
the_princess_bride,william_goldman prince princess marries bride william
the_secret_garden,frances_hodgson_burnett literature novel hodgson garden childhood
the_catcher_in_the_rye,j.d._salinger holden rye catcher salinger novel
a_thousand_splendid_suns,khaled_hosseini novel afghan afghanistan taliban chronicle
a_wrinkle_in_time,madeleine_l'engle meg night nights tesseract dark
a_game_of_thrones,george_r.r._martin thrones winterfell throne novels throneslong
the_lightning_thief,rick_riordan percy poseidon isbn jackson underworld
the_adventures_of_huckleberry_finn,mark_twain guy_cardwell john_seelye sawyer tom slave river mississippi
the_lovely_bones,alice_sebold novelist sebold bones grieving literature
where_the_wild_things_are,maurice_sendak night wild wolf max rumpus
green_eggs_and_ham,dr._seuss eggs seuss tales snack ham
harry_potter_and_the_sorcerer's_stone,j.k._rowling mary_grandpré harry potter hogwarts wizardry wizard
life_of_pi,yann_martel piscine pi novel protagonist adventure
a_tale_of_two_cities,charles_dickens richard_maxwell hablot_knight_browne dickens manette liberty charles 1859
the_outsiders,s.e._hinton outsiders ponyboy greaser greasers outsider
water_for_elephants,sara_gruen novel equestrian book circus bookbrowse
the_odyssey,homer robert_fagles bernard_knox iliad odyssey homer ithaca odysseus
lolita,vladimir_nabokov craig_raine lolita humbert haze lust obsession
slaughterhouse-five,kurt_vonnegut novels slaughterhouse dresden pilgrim books
catch-22,joseph_heller novel 1942 squadron yossarian 1944
frankenstein,mary_wollstonecraft_shelley percy_bysshe_shelley maurice_hindle frankenstein shelley fiction humankind creature
the_kite_runner,khaled_hosseini kite novel kabul afghan afghanistan
the_pillars_of_the_earth,ken_follett cathedral monasteries castles feudal gothic
the_stand,stephen_king bernie_wrightson survivors bleak world death panicky
the_giver,lois_lowry jonas secrets lives dark community
watership_down,richard__adams librarian adventure downs isbn13 harrowing
the_handmaid's_tale,margaret_atwood handmaid handmaids gilead offred ovaries
the_adventures_of_sherlock_holmes,arthur_conan_doyle sherlock holmes detective mysteries watson
my_sister's_keeper,jodi_picoult anna kate sister novel leukemia
one_flew_over_the_cuckoo's_nest,ken_kesey novel cuckoo sanity insanity orwell
the_bell_jar,sylvia_plath reinhard_kaiser esther sylvia novel haunting insanity
outlander,diana_gabaldon claire outlander scotland scots isles
the_girl_with_the_dragon_tattoo,stieg_larsson reg_keeland novel blomkvist intrigue bestseller murder
rebecca,daphne_du_maurier dreamt manderley novel maid heroine
a_tree_grows_in_brooklyn,betty__smith literary nolan nolans tale century
matilda,roald_dahl quentin_blake matilda dickens dahl roald reader
the_color_purple,alice_walker purple literature color black tale
the_fellowship_of_the_ring,j.r.r._tolkien rings ring baggins shire hobbit
little_women,louisa_may_alcott novel book author meg sisters
the_road,cormac_mccarthy mccarthy novel apocalyptic cormac snow
angela's_ashes,frank_mccourt frank mccourt tales limerick childhood
a_clockwork_orange,anthony_burgess kubrick novel nightmare clockwork orange
the_brothers_karamazov,fyodor_dostoyevsky richard_pevear larissa_volokhonsky dostoevsky karamazov novel brothers translation
dune,frank_herbert dune leto novel arrakis interstellar
vampire_academy,richelle_mead lissa vampire vampires rose protect
the_poisonwood_bible,barbara_kingsolver poisonwood bible scripture congo postcolonial
siddhartha,hermann_hesse hilda_rosner jungian brahmin hesse spiritual religions
atlas_shrugged,ayn_rand leonard_peikoff novel philosopher thriller philosophical motor
harry_potter_and_the_deathly_hallows,j.k._rowling mary_grandpré harry horcruxes potter privet voldemort
don_quixote,miguel_de_cervantes_saavedra roberto_gonzález_echevarría john_rutherford ernani_ssó quixote novel dickens literary readers
the_golden_compass,philip_pullman lyra compass spyglass betray schemer
fahrenheit_451,ray_bradbury novel 451 huxley books prose
the_notebook,nicholas_sparks literature noah notebook storyteller marriage
the_old_man_and_the_sea,ernest_hemingway hemingway cuban fable fisherman gulf
great_expectations,charles_dickens redemption novel orphan guilt pip
a_prayer_for_owen_meany,john_irving owen irving actor foul tragic
winnie-the-pooh,a.a._milne ernest_h._shepard storybooks winnie books robin pooh
anna_karenina,leo_tolstoy richard_pevear larissa_volokhonsky tolstoy karenina novel anna karenin
"moby-dick_or,_the_whale",herman_melville andrew_delbanco tom_quirk melville whaling literary sea moby
interview_with_the_vampire,anne_rice vampire vampires louis claudia orleans
1984,george_orwell erich_fromm purgatory novel orwell novels totalitarian
the_red_tent,anita_diamant dinah genesis biblical leah bible
the_secret_life_of_bees,sue_monk_kidd bees beekeeping lily novel honey
harry_potter_and_the_prisoner_of_azkaban,j.k._rowling mary_grandpré potter hogwarts wizarding harry wizardry
clockwork_angel,cassandra_clare shadowhunters trilogy vampires underworld darkness
middlesex,jeffrey_eugenides middlesex calliope fiction narrators callie
the_adventures_of_tom_sawyer,mark_twain guy_cardwell john_seelye sawyer tom adventure escape cave
the_stranger,albert_camus matthew____ward nakedness algerian absurd murder ordinary
and_then_there_were_none,agatha_christie guests strangers island weekend murder
the_master_and_margarita,mikhail_bulgakov katherine_tiernan_o'connor ellendea_proffer diana_burgin bulgakov faust literature margarita novel
charlie_and_the_chocolate_factory,roald_dahl quentin_blake willy chocolate wonka charlie children
harry_potter_and_the_goblet_of_fire,j.k._rowling mary_grandpré potter hogwarts harry quidditch wizarding
the_shining,stephen_king torrance hotel overlook danny stephen
on_the_road,jack_kerouac journeys road roads lyricism literary
eragon,christopher_paolini eragon dragon ancient empire king
the_very_hungry_caterpillar,eric_carle generation grandchild book edition board
tuesdays_with_morrie,mitch_albom saulius_dagys mitch mentor professor teacher grandparent
flowers_for_algernon,daniel_keyes intelligence algernon iq charlie experiment
the_shadow_of_the_wind,carlos_ruiz_zafón lucia_graves novel novels literature book books
the_name_of_the_wind,patrick_rothfuss wizard wind tale literature poet
looking_for_alaska,john_green pudge poet famous halter alaska
the_curious_incident_of_the_dog_in_the_night-time,mark_haddon christopher novel sherlock detective holmes
the_unbearable_lightness_of_being,milan_kundera michael_henry_heim 千野栄一 novel kundera lightness unbearable mistresses
the_metamorphosis,franz_kafka stanley_corngold metamorphosis kafka insect gregor beetle
the_name_of_the_rose,umberto_eco william_weaver seán_barrett benedictines abbey aristotle aquinas heresy
the_scarlet_letter,nathaniel_hawthorne thomas_e._connolly nina_baym scarlet hawthorne puritan nathaniel novel
harry_potter_and_the_half-blood_prince,j.k._rowling mary_grandpré potter harry hogwarts muggle quidditch
"hush,_hush",becca_fitzpatrick nora angela oatha loveromance trust
the_five_people_you_meet_in_heaven,mitch_albom eddie afterlife heaven eternal novel
the_godfather,mario_puzo robert_thompson peter_bart godfather mafia novel corleones crime
in_cold_blood,truman_capote truman murder murdered 1959 killers
lonesome_dove,larry_mcmurtry lonesome dove wilderness novel adventure
the_cat_in_the_hat,dr._seuss seuss book sally 1957 house
holes,louis_sachar redemption tale punishment stanley yelnats
the_little_house_collection,laura_ingalls_wilder garth_williams prairie creek house woods little
american_gods,neil_gaiman author gods shadow wednesday god
watchmen,alan_moore dave_gibbons john_higgins batman vendetta novels heroes watchmen
the_divine_comedy,dante_alighieri allen_mandelbaum eugenio_montale dante beatrice virgil purgatory poetry
the_compleat_works_of_wllm_shkspr_(abridged),reduced_shakespeare_company jess_borgeson adam_long daniel_singer jess_winfield shakespeare abridged footnotes playtext written
peter_pan,j.m._barrie michael_hague peter barrie tinker fairy pirate
perfume:_the_story_of_a_murderer,patrick_süskind john_e._woods perfume scent grenouille perfumer novel
all_quiet_on_the_western_front,erich_maria_remarque a.w._wheen soldiers uniforms enlists army trenches
"the_lion,_the_witch_and_the_wardrobe",c.s._lewis narnia wardrobe lucy lion adventures
shadow_kiss,richelle_mead rose lissa vampire vampires immortal
the_count_of_monte_cristo,alexandre_dumas robin_buss dantès edmond treasure sailor 1815
it,stephen_king derry haunting maine nightmare hauntingly
the_last_olympian,rick_riordan percy kronos titans prophecy olympians
a_walk_to_remember,nicholas_sparks landon jamie novel carter nicholas
love_in_the_time_of_cholera,gabriel_garcía_márquez edith_grossman florentino ariza fermina daza affairs
insurgent,veronica_roth tris dystopian factions divergent book
the_thorn_birds,colleen_mccullough thorn meggie birds dreams struggles
harry_potter_and_the_chamber_of_secrets,j.k._rowling mary_grandpré potter hogwarts harry dursleys weasley
how_the_grinch_stole_christmas!,dr._seuss grinch scrooge santa christmas sleigh
their_eyes_were_watching_god,zora_neale_hurston janie woman crawford identity person
atonement,ian_mcewan novel literary prose atonement narrative
the_importance_of_being_earnest,oscar_wilde wilde earnest ernests ernest cecily
the_ultimate_hitchhiker's_guide_to_the_galaxy,douglas_adams novels hitchhiker armageddon paperback arthur
frostbite,richelle_mead rose st strigoi dimitri heroism
"eat,_pray,_love",elizabeth_gilbert devotion gilbert elizabeth memoir spiritual
the_three_musketeers,alexandre_dumas alexandre dumas musketeers novel heroines
the_wonderful_wizard_of_oz,l._frank_baum w.w._denslow dorothy wizard scarecrow oz wicked
goodnight_moon,margaret_wise_brown clement_hurd goodnight bunny poetry literature bed
the_lorax,dr._seuss seuss earth saving lorax concern
blood_promise,richelle_mead rose dimitri vladimir strigoi belikov
where_the_red_fern_grows,wilson_rawls hound dog heart dogs beautiful
the_good_earth,pearl_s._buck agrarian hwang wang farmer drought
tess_of_the_d'urbervilles,thomas_hardy margaret_r._higonnet tim_dolin tess clare kinship durbeyfield urbervilles
a_midsummer_night's_dream,william_shakespeare barbara_a._mowat paul_werstine catherine_belsey shakespeare demetrius faeries lysander helena
the_prophet,kahlil_gibran prophet gibran inspirational masterpiece classics
the_mists_of_avalon,marion_zimmer_bradley arthur novel avalon throne king
heart_of_darkness,joseph_conrad conrad allegory congo adventure narrator
"good_omens:_the_nice_and_accurate_prophecies_of_agnes_nutter,_witch",terry_pratchett neil_gaiman prophecies antichrist rapture 1655 atlantis
the_joy_luck_club,amy_tan mahjong chinese women daughters joy
the_hobbit,j.r.r._tolkien hobbit gollum tolkien baggins paperback
the_battle_of_the_labyrinth,rick_riordan percy labyrinth kronos olympians jackson
jonathan_livingston_seagull,richard_bach russell_munson flying seagull fly flight bird
alice_in_wonderland,jane_carruth rene_cloke lewis_carroll wonderland alice carroll rabbit literature
the_phantom_tollbooth,norton_juster jules_feiffer milo readers librarian tollbooth adventures
the_call_of_the_wild,jack_london wilderness wild jack 1903 tale
clockwork_princess,cassandra_clare shadowhunters tessa betrayal trilogy finale
the_sea_of_monsters,rick_riordan poseidon percy mythology heroic adventure
"oh,_the_places_you'll_go!",dr._seuss seuss joyous nursery ode exuberance
madame_bovary,gustave_flaubert malcolm_bowie margaret_mauldon mark_overstall flaubert bovary madame gustave literary
the_girl_who_played_with_fire,stieg_larsson reg_keeland salander blomkvist journalist exposemillennium mikael
bridge_to_terabithia,katherine_paterson jess runner aarons burke leslie
the_titan's_curse,rick_riordan goddess doomsday monster heroes lion
the_hunger_games_trilogy_boxset,suzanne_collins trilogy bestsellers book hunger edition
fifty_shades_of_grey,e.l._james anastasia shades literature ana book
oliver_twist,charles_dickens philip_horne george_cruikshank dickens orphan novel orwell tale
the_clan_of_the_cave_bear,jean_m._auel ayla novel beauty iza dawn
the_canterbury_tales,geoffrey_chaucer nevill_coghill chaucer canterbury friar manuscripts tales
ulysses,james_joyce morris_l._ernst john_m._woolsey dubliner dubliners joyce literature odyssey
the_maze_runner,james_dashner thomas maze scared editions cover
treasure_island,robert_louis_stevenson treasure island isle adventure tale
the_world_according_to_garp,john_irving irving novelist novel garp author
a_farewell_to_arms,ernest_hemingway farewell hemingway arms ambulance caporetto
david_copperfield,charles_dickens jeremy_tambling dickens copperfield murdstone novelist trotwood
wicked:_the_life_and_times_of_the_wicked_witch_of_the_west,gregory_maguire douglas_smith dorothy witch wicked oz elphaba
thirteen_reasons_why,jay_asher future hannah rewind clay forever
a_storm_of_swords,george_r.r._martin thrones throne kingdoms daenerys kings
shōgun,james_clavell librarian warlord japanese adventurer edition
the_other_boleyn_girl,philippa_gregory anne sisters mary boleyn novel
extremely_loud_and_incredibly_close,jonathan_safran_foer oskar schell dresden inventor detective
schindler's_list,thomas_keneally schindler auschwitz oskar nazi jews
last_sacrifice,richelle_mead lissa rose finale book throne
fallen,lauren_kate daniel lucinda sword angel fallen
his_dark_materials,philip_pullman peter_bailey trilogy compass witches fantasy adventures
a_little_princess,frances_hodgson_burnett nancy_bond literature novel tale literary novella
a_confederacy_of_dunces,john_kennedy_toole walker_percy ignatius dickens novel kennedy medievalist
the_sun_also_rises,ernest_hemingway hemingway novel generation writers sun
the_secret_magdalene,ki_longfellow magdalene mary messiah mariamne prophecy
spirit_bound,richelle_mead rose dimitri siberia birthplace vladimir
jurassic_park,michael_crichton jurassic dinosaur dna cloning extinct
the_boy_in_the_striped_pajamas,john_boyne berlin bruno 1942 house belongings
the_velveteen_rabbit,margery_williams_bianco william___nicholson nursery magic toys playthings margery
beloved,toni_morrison novel slavery lullaby slave poetry
the_silmarillion,j.r.r._tolkien christopher_tolkien ted_nasmith silmarillion silmarils elves elrond galadriel
murder_on_the_orient_express,agatha_christie calais poirot travelers detective passengers
cat's_cradle,kurt_vonnegut vonnegut hoenikker armageddon felix ice
the_crucible,arthur_miller christopher_bigsby crucible witchcraft salem witch hysteria
girl_with_a_pearl_earring,tracy_chevalier paintings painter painting heroine chevalier
shiver,maggie_stiefvater wolf grace wolves woods sam
a_light_in_the_attic,shel_silverstein poems poetry silverstein song brassiere
the_hiding_place:_the_triumphant_true_story_of_corrie_ten_boom,corrie_ten_boom john_sherrill elizabeth_sherrill corrie maid elderly family story
she's_come_undone,wally_lamb dolores wally odyssey heroine lamb
the_iliad/the_odyssey,homer robert_fagles bernard_knox iliad achilles odyssey trojan literature
the_trial,franz_kafka willa_muir edwin_muir max_brod kafka trial readers 1914 published
the_lost_hero,rick_riordan jason amnesia ghosts leo nightmare
the_wind_in_the_willows,kenneth_grahame gillian_avery willows toad badger literature ratty
the_night_circus,erin_morgenstern circus magicians cirque stage magical
the_god_of_small_things,arundhati_roy kerala twins india children family
the_screwtape_letters,c.s._lewis screwtape literary author lewis theological
marley_and_me:_life_and_love_with_the_world's_worst_dog,john_grogan marley jenny john stabbing devotion
clockwork_prince,cassandra_clare tessa shadowhunters magister underworld betrayed
the_silence_of_the_lambs,thomas___harris investigator asylum beauty face skin
city_of_fallen_angels,cassandra_clare clary jace shadowhunter shadowhunters mortal
uglies,scott_westerfeld tally shay pretty ugly turn
the_selection,kiera_cass prince dreamed singer nightmare jewels
the_phantom_of_the_opera,gaston_leroux alexander_teixeira_de_mattos opera christine raoul ghost phantom
marked,p.c._cast kristin_cast zoey vampire vampyre goddess redbird
ella_enchanted,gail_carson_levine cinderella fairy tales lucinda elves
the_wind-up_bird_chronicle,haruki_murakami jay_rubin novel novelist chronicle fiction mishima
man's_search_for_meaning,viktor_e._frankl harold_s._kushner william_j._winslade isle_lasch logotherapy suffering frankl memoir spiritual
the_sound_and_the_fury,william_faulkner faulkner critics novel bibliography memoir
the_shack,william_paul_young mackenzie mack book shack missy
fear_and_loathing_in_las_vegas,hunter_s._thompson ralph_steadman fear vegas loathing las tale
blindness,josé_saramago giovanni_pontiero blindness saramago eyewitness plague nightmare
midnight_sun,stephenie_meyer twilight cullen midnight book author
roots:_the_saga_of_an_american_family,alex_haley genealogical haley slavery abducted slaves
a_clash_of_kings,george_r.r._martin thrones throne novels kingdoms kings
the_complete_calvin_and_hobbes,bill_watterson hobbes calvin cartoons hardcover comic
stranger_in_a_strange_land,robert_a._heinlein mars michael marsvalentine smith humanorigin
island_of_the_blue_dolphins,scott_o'dell dolphins sea island adventure fish
throne_of_glass,sarah_j._maas celaena assassin dorian prince isbn13
for_whom_the_bell_tolls,ernest_hemingway hemingway novel novels writer manuscript
the_guernsey_literary_and_potato_peel_pie_society,mary_ann_shaffer annie_barrows guernsey novel literature literary juliet
catching_fire,suzanne_collins katniss peeta hunger novel mellark
the_green_mile,stephen_king stephen bestseller coffey mile penitentiary
the_house_of_the_spirits,isabel_allende magda_bogin isabel spirits esteban novel blanca
delirium,lauren_oliver lena cure love cured disease
the_girl_who_kicked_the_hornet's_nest,stieg_larsson reg_keeland larsson salander novels trilogy novel
i_know_this_much_is_true,wally_lamb wally lamb novels thomas heartbreaking
white_oleander,janet_fitch astrid novel oleander ingrid poet
the_vampire_lestat,anne_rice lestat vampire chronicles demonic anne
beautiful_disaster,jamie_mcguire abby abernathy travis maddox charmer
paper_towns,john_green margo jacobsen quentin ninja real
othello,william_shakespeare othello shakespeare venice desdemona heroine
"lamb:_the_gospel_according_to_biff,_christ's_childhood_pal",christopher_moore messiah joshua biff josh mary
the_once_and_future_king,t.h._white arthur magician lancelot king kingdom
flow_down_like_silver:_hypatia_of_alexandria,ki_longfellow magdalene hypatia alexandria longfellow author
misery,stephen_king novelist sheldon misery author book
into_the_wild,jon_krakauer mccandless wilderness librarian abandoned unforgettable
king_lear,william_shakespeare cordelia lear regan eldest king
the_idiot,fyodor_dostoyevsky constance_garnett alan_myers joseph_frank anna_brailovsky novel garnett nastasya translation myshkin
speak,laurie_halse_anderson laurie heroine melinda teenager novel
howl's_moving_castle,diana_wynne_jones sophie witch misfortune castle eldest
cinder,marissa_meyer cinder cyborg kai robots prince
neverwhere,neil_gaiman london streets city mayhew richard
the_historian,elizabeth_kostova labyrinth book library ancient mother
uncle_tom's_cabin,harriet_beecher_stowe stowe slavery puritanical theology novel
invisible_man,ralph_ellison novel novels ellison protagonist literature
james_and_the_giant_peach,roald_dahl quentin_blake peach fruit tree book dahl
inkheart,cornelia_funke anthea_bell cornelia paperback inkheart tale meggie
all_creatures_great_and_small,james_herriot herriot veterinary veterinarian tales menagerie
leaves_of_grass,walt_whitman whitman poet poems poets emerson
the_thirteenth_tale,diane_setterfield vida mythologize tale haunted storytelling
graceling,kristin_cashore katsa kristin kingdoms cast grace
candide,voltaire candide voltaire philosopher philosophical tale
the_cider_house_rules,john_irving orphanage larch homer abortion wells
paradise_lost,john_milton john______leonard paradise milton poems lost rebellion
the_things_they_carried,tim_o'brien vietnam novel book fiction fictional
different_seasons,stephen_king shawshank hypnotic novella redemption novellas
"the_complete_sherlock_holmes,_vol_1",arthur_conan_doyle holmes sherlock scarlet fans delighted
heidi,johanna_spyri beverly_cleary angelo__rinaldi heidi orphan alps mountains mountain
foundation,isaac_asimov empire seldon galactic mankind revolutionary
"are_you_there_god?_it's_me,_margaret",judy_blume margaret nancy janie gretchen secrets
walden,henry_david_thoreau walden thoreau literature woods 1854
the_awakening,kate_chopin infidelity novel novels marital literary
the_time_machine,h.g._wells greg_bear carlo_pagetti century wells 1895 speculative future
the_secret_history,donna_tartt charismatic contemporaries professor corruption betrayal
sophie's_choice,william_styron writer stories sophie affair southerner
city_of_lost_souls,cassandra_clare clary jace shadowhunters betrayal simon
sophie's_world,jostein_gaarder مهرداد_بازیاری paulette_møller sophie philosophy philosopher obsessed socrates
norwegian_wood,haruki_murakami jay_rubin naoko toru tokyo norwegian hopeless
the_prince_of_tides,pat_conroy novel conroy wingo tides tom
the_monster_at_the_end_of_this_book,jon_stone michael_j._smollin grover book monster reader favorite
dead_until_dark,charlaine_harris sookie vampire stackhouse waitress dreams
fried_green_tomatoes_at_the_whistle_stop_cafe,fannie_flagg evelyn tale mrs threadgoode daredevilish
fifty_shades_darker,e.l._james anastasia trilogy shades sensual erotic
kafka_on_the_shore,haruki_murakami philip_gabriel kafka murakami nakata shore haruki
bridget_jones's_diary,helen_fielding bridget pounds poundsb lbs gains
the_wise_man's_fear,patrick_rothfuss literature nobility tale noble king
franny_and_zooey,j.d._salinger salinger novella glass tale zooey
the_power_of_one,bryce_courtenay apartheid hitler childhood 1939 africa
fangirl,rainbow_rowell simon sister cath fiction writing
things_fall_apart,chinua_achebe okonkwo nigeria african cultures missionaries
the_son_of_neptune,rick_riordan percy hazel wolf olympus apollo
middlemarch,george_eliot michel_faber dorothea literature portraits ladislaw 1832
the_diary_of_a_young_girl,anne_frank eleanor_roosevelt b.m._mooyaart-doubleday anne diary frank amsterdam teenager
the_magician's_nephew,c.s._lewis adventure narnia adventurenarnia digory passage
gone_girl,gillian_flynn nick amy diary perfectionist dunne
stardust,neil_gaiman wall thorn tristran life fallen
a_short_history_of_nearly_everything,bill_bryson bryson universe archaeologists civilization anthropologists
never_let_me_go,kazuo_ishiguro hailsham novel literature literary orphans
mrs._dalloway,virginia_woolf maureen_howard woolf dalloway novelist clarissa 1925
a_time_to_kill,john_grisham justice courtroom grisham retribution attorney
bel_canto,ann_patchett hostages opera soprano diplomatic voice
gulliver's_travels,jonathan_swift robert_demaria_jr. 1726 gulliver swift creature travels
the_complete_novels,jane_austen mansfield emma novels prejudice sensibility
cold_mountain,charles_frazier mountain novel novelists cold confederate
fifty_shades_freed,e.l._james anastasia ana shades sensual book
the_art_of_racing_in_the_rain,garth_stein enzo racing denny race car
if_i_stay,gayle_forman librarian book seventeen cover listen
love_you_forever,robert_munsch sheila_mcgraw munsch parent book extraordinarily feels
number_the_stars,lois_lowry annemarie copenhagen johansens denmark johansen
legend,marie_lu june republic war metias criminal
black_beauty,anna_sewell beauty books readers cruelty horse
the_hound_of_the_baskervilles,arthur_conan_doyle anne_perry maria_buitoni_duca sidney_paget holmes hound sherlock watson baskerville
blood_river:_a_journey_to_africa's_broken_heart,tim_butcher congo journey stanley river butcher
qurʾan_/_القرآن_الكريم,anonymous quran qurʾān qur koran muhammad
allegiant,veronica_roth tris dystopian faction truths author
the_witches,roald_dahl quentin_blake witches witch fairy cloaks broomsticks
a_portrait_of_the_artist_as_a_young_man,james_joyce seamus_deane joyce portrait dedalus dublin modernist
eleanor_&_park,rainbow_rowell eleanor olds misfits story park
v_for_vendetta,alan_moore david___lloyd vendetta freedom fascism totalitarian comics
eldest,christopher_paolini eragon darkness king dragon battle
the_mark_of_athena,rick_riordan athena percy greek annabeth goddess
the_gunslinger,stephen_king gunslinger roland king novel stephen
the_tell-tale_heart_and_other_writings,edgar_allan_poe edgar poe poetry poem poems
white_fang,jack_london fang wolf white dog killed
do_androids_dream_of_electric_sheep?,philip_k._dick roger_zelazny androids deckard rick rogue didn
beautiful_creatures,kami_garcia margaret_stohl lena duchannes haunted gatlin ethan
dark_lover,j.r._ward vampires vampire slayers shadows brotherhood
a_separate_peace,john_knowles peace adolescence bestseller knowles separate
beowulf,unknown seamus_heaney francis_barton_gummere beowulf poem feudal epic glossary
the_graveyard_book,neil_gaiman dave_mckean nīls_geimens graveyard ghosts supernatural gaiman bod
go_ask_alice,beatrice_sparks anonymous addiction teenage teen diary lsd
as_i_lay_dying,william_faulkner lay novels faulkner bury novel
mansfield_park,jane_austen fanny mansfield austen jane classics
the_amazing_adventures_of_kavalier_&_clay,michael_chabon kavalier joe sammy artist art
dear_john,nicholas_sparks rebel john love married savannah
tuck_everlasting,natalie_babbitt spring eternal winnie life living
"a_child_called_""it""",dave_pelzer pelzer book dave abuse starved
brisingr,christopher_paolini eragon oath oaths sworn rebels
crescendo,becca_fitzpatrick nora angel angelic nephilim bloodline
my_ántonia,willa_cather antonia pastoral literature nebraska burden
mockingjay,suzanne_collins katniss rebels rebellion mockingjay pawn
the_last_song,nicholas_sparks novel unfolds veronica ronnie relationships
the_english_patient,michael_ondaatje novel haunted thief book burned
the_complete_maus,art_spiegelman holocaust survivors survival cartoons fear
obsidian,jennifer_l._armentrout daemon alien neighbor infuriating stranger
midnight's_children,salman_rushdie sinai born saleem midnight handcuffed
the_firm,robin_a.h._waterfield john_grisham mitch mcdeere locke fbi bendini
stargirl,jerry_spinelli leo stargirl celebration popularity love
the_martian_chronicles,ray_bradbury martians martian martianthe mars expedition
tao_te_ching,lao_tzu gia-fu_feng jane_english toinette_lippe jacob_needleman taoist tao lao feng translated
the_eye_of_the_world,robert_jordan prophecy myth legend ages time
zen_and_the_art_of_motorcycle_maintenance:_an_inquiry_into_values,robert_m._pirsig pirsig motorcycle book zen philosophical
robinson_crusoe,daniel_defoe gerald_mccann virginia_woolf crusoe defoe island sailor robinson
doctor_zhivago,boris_pasternak max_hayward manya_harari john_bayley bolsheviks pasternak literature novel poet
like_water_for_chocolate,laura_esquivel thomas__christensen carol_christensen novel pedro rosaura mexico romantic
steppenwolf,hermann_hesse basil_creighton steppenwolf faust hesse wolf novel
breakfast_at_tiffany's,truman_capote tiffany holly martinis 1940s shining
me_before_you,jojo_moyes novel louisa generation life living
the_amber_spyglass,philip_pullman lyra asriel angels intrigues weapon
ready_player_one,ernest_cline wade 2045 utopia world reality
'salem's_lot,stephen_king salem town streets away terrified
inferno,dante_alighieri anthony_m._esolen dante virgil underworld poet souls
evermore,alyson_noel alyson immortals book damen bloom
the_hunchback_of_notre-dame,victor_hugo walter_j._cobb esmeralda cathedral quasimodo notre hugo
cloud_atlas,david_mitchell clouds cloud sky author atlas
shatter_me,tahereh_mafi juliette touch touched cursei tortured
the_bfg,roald_dahl quentin_blake giant sophie bfg giants bonecruncher
a_fine_balance,rohinton_mistry dickens novel heroism city narrative
dragonfly_in_amber,diana_gabaldon brianna claire outlander scottish fraser
the_origin_of_species,charles_darwin sevim_belli darwin species extinction ecological 1859
a_streetcar_named_desire,tennessee_williams streetcar pulitzer playwrights broadway dubois
the_angel_experiment,james_patterson fly kids humans families powers
room,emma_donoghue jack novel prison child resilience
death_of_a_salesman,arthur_miller salesman loman willy shoeshine fool
the_lord_of_the_rings,j.r.r._tolkien bernd_lau rings ring hobbit hobbits baggins
the_subtle_knife,philip_pullman lyra witches lost angels suspects
breakfast_of_champions,kurt_vonnegut vonnegut fiction kilgore trout satire
the_final_empire,brandon_sanderson cloaks ash sky mist empire
american_psycho,bret_easton_ellis bateman psycho psychopath comedy patrick
snow_flower_and_the_secret_fan,lisa_see poem lily flower laotong chinese
midnight_in_the_garden_of_good_and_evil,john_berendt novel nonfiction savannah suspenseful murder
faust:_first_part,johann_wolfgang_von_goethe peter_salm faust goethe alchemist literature poetic
the_shipping_news,annie_proulx quoyle annie writers proulx cast
infinite_jest,david_foster_wallace comedy novel pleasures books fiction
anna_and_the_french_kiss,stephanie_perkins anna paris clair étienne romantic
houdini_heart,ki_longfellow houdini haunting tale haunt poe
the_way_of_kings,brandon_sanderson roshar kingdoms king kaladin armies
daughter_of_smoke_&_bone,laini_taylor karou mysterious otherworldly tangled dark
the_scarlet_pimpernel,emmuska_orczy guillotine chauvelin pimpernel revolutionaries scarlet
hopeless,colleen_hoover sky believing dean lies realizes
the_chosen,chaim_potok religion sons fathers peace spiritual
high_fidelity,nick_hornby rob laura split memorable island
flowers_in_the_attic,v.c._andrews cathy children grandmother terror dreams
city_of_heavenly_fire,cassandra_clare clary shadowhunter shadowhunters jace sebastian
the_tales_of_beedle_the_bard,j.k._rowling tales hogwarts beedle fairy dumbledore
the_plague,albert_camus stuart_gilbert plague novel suffering death survival
matched,ally_condie cassia passion matching xander matched
nineteen_minutes,jodi_picoult novel justice trial tragedy fiction
the_remains_of_the_day,kazuo_ishiguro librarian stevens butler excursion 1956
"unbroken:_a_world_war_ii_story_of_survival,_resilience_and_redemption",laura_hillenbrand airman bomber flight 1943 boyhood
jonathan_strange_&_mr_norrell,susanna_clarke magician magicians fairy magical magic
betrayed,p.c._cast kristin_cast zoey priestess vampyre goddess night
wonder,r.j._palacio raquel_jaramillo auggie ordinary august pullman narrated
the_virgin_suicides,jeffrey_eugenides sisters girls memories adolescence boys
a_feast_for_crows,george_r.r._martin crows kingdoms feast series twilight
a_court_of_mist_and_fury,sarah_j._maas fae amarantha feyre book throne
"blood_meridian,_or_the_evening_redness_in_the_west",cormac_mccarthy 1850s westward western novel tennesseean
artemis_fowl,eoin_colfer artemis fairies fairy fowl holly
the_age_of_innocence,edith_wharton maureen_howard pulitzer innocence archer 1921 wharton
untamed,p.c._cast kristin_cast redbird zoey vampyre novel night
east_of_eden,john_steinbeck steinbeck eden genesis novel cain
pippi_longstocking,astrid_lindgren florence_lamborn louis_s._glanzman tommy horse adventure neighbor annika
miss_peregrine's_home_for_peculiar_children,ransom_riggs orphanage island haunting children novel
neuromancer,william_gibson matrix cyberspace fiction technology genre
the_martian,andy_weir astronaut mark rescue watney death
redeeming_love,francine_rivers angel gold prostitution betrayal heart
the_waste_land,t.s._eliot michael_north eliot waste 1922 woolf poem
shantaram,gregory_david_roberts bombay novel underworld convict literature
"the_devil_in_the_white_city:_murder,_magic,_and_madness_at_the_fair_that_changed_america",erik_larson tony_goldwyn holmes crematorium architect louis hudson
lover_awakened,j.r._ward vampire vampires bella zsadist tormentors
northanger_abbey,jane_austen alfred_macadam austen novel literature 1818 catherine
the_pearl,john_steinbeck kino pearl pearls tale juana
divine_secrets_of_the_ya-ya_sisterhood,rebecca_wells sidda siddalee daughter sisterhood vivi
the_lost_symbol,dan_brown langdon vinci masonic lost demons
waiting_for_godot,samuel_beckett poetry beckett dreamscapes homeless existential
chosen,p.c._cast kristin_cast zoey vampyres dark undead night
11/22/1963,stephen_king jake oswald harry assassination elvis
dubliners,james_joyce jeri_johnson dubliners irish ireland art portrait
the_jungle,upton_sinclair earl_lee kathleen_degrave sinclair upton censorship novel published
me_talk_pretty_one_day,david_sedaris sedaris rooster david inspiration french
the_voyage_of_the_dawn_treader,c.s._lewis pauline_baynes narnia edmund caspian lucy voyage
everything_is_illuminated,jonathan_safran_foer ukraine translator searching grandfather elusive
snow_falling_on_cedars,david_guterson puget suspense book cedar cedars
to_the_lighthouse,virginia_woolf ramsay ramsays woolf lighthouse skye
the_twilight_collection,stephenie_meyer twilight vampire romantic books moon
"i,_claudius",robert_graves claudius tiberius roman emperor rome
a_room_with_a_view,e.m._forster lucy emerson novelist loves love
the_house_of_hades,rick_riordan hades percy athena hazel annabeth
i_know_why_the_caged_bird_sings,maya_angelou maya poetic powhitetrash caged shakespeare
a_dance_with_dragons,george_r.r._martin daenerys targaryen tyrion westeros dragons
"i,_robot",isaac_asimov robots asimov robot robotics laws
carrie,stephen_king carrie humiliated possessed prom destruction
hamlet,william_shakespeare rex_gibson richard_andrews shakespeare hamlet shakespearen dramatization theatre
the_last_battle,c.s._lewis narnia lewis book books edition
bloodlines,richelle_mead jill vampire sydney vampires encounter
the_iron_king,julie_kagawa meghan chase prince faery mysterious
bleak_house,charles_dickens nicola_bradbury hablot_knight_browne dickens novels bleak novel jarndyce
the_exorcist,william_peter_blatty novel demonic blatty faith parable
the_one,kiera_cass crowned compete competition crown prince
voyager,diana_gabaldon diana_gabaldon outlander claire jamie dragonfly amber
torment,lauren_kate luce lives novel daniel dies
brideshead_revisited:_the_sacred_and_profane_memories_of_captain_charles_ryder,evelyn_waugh brideshead novels evelyn waugh ryder
vanity_fair,william_makepeace_thackeray john_carey novel becky amelia orphan sedley
the_god_delusion,richard_dawkins atheism atheist dawkins belief religion
the_republic,plato desmond_lee plato socrates philosopher knowledge dialogue
johnny_got_his_gun,dalton_trumbo novel war violent trumbo book
the_complete_poems_of_emily_dickinson,emily_dickinson thomas_h._johnson poems poemsonly dickinson poetic emily
the_mortal_instruments_boxed_set:_city_of_bones;_city_of_ashes;_city_of_glass,cassandra_clare clary shadowhunter jace shadowhunters vampire
crown_of_midnight,sarah_j._maas celaena loyal loyalties throne princess
of_human_bondage,w._somerset_maugham benjamin_demott maeve_binchy maugham autobiographical orphan carey masterpieces
snow_crash,neal_stephenson hiro protagonist villain metaverse romp
three_cups_of_tea:_one_man's_mission_to_promote_peace_..._one_school_at_a_time,greg_mortenson david_oliver_relin taliban documentary mortenson cai claim
a_great_and_terrible_beauty,libba_bray gemma novel gothic diary visions
north_and_south,elizabeth_gaskell alan_shelston margaret victorian literature heroines milton
the_witching_hour,anne_rice witches witchcraft haunted witching veranda
bared_to_you,sylvia_day gideon sylvia desire desires author
perfect_chemistry,simone_elkeles brittany alex simone ellis lovers
halfway_to_the_grave,jeaniene_frost vampire vampires crawfield killers undead
wizard's_first_rule,terry_goodkind book witness richard sword noble
the_host,stephenie_meyer melanie wanderer ace editions jared
"cry,_the_beloved_country",alan_paton novelist novel novels poet literary
chocolat,joanne_harris chocolat chocolate novel craves chocoholics
world_war_z:_an_oral_history_of_the_zombie_war,max_brooks zombie undead apocalyptic plague haunting
the_5th_wave,rick_yancey cassie wave darkness dawn trust
the_summoning,kelley_armstrong housemates ghost ghosts house lyle
are_you_my_mother?,p.d._eastman merwin_goldsmith marian_hailey ron_marshall brendon_parry jim_thurman ray_messecar chris_campbell ron_nicodemus sharon_lerner phil_eastman books book reading hardcover seuss
cannery_row,john_steinbeck cannery shack book monterey row
the_woman_in_white,wilkie_collins matthew_sweet victorian novel fiction gothic genre
the_war_of_the_worlds,h.g._wells arthur_c._clarke martians martian worlds novels woking
"you_are_special_(wemmicksville,_#1)",max_lucado wemmicksville eli children wemmick wemmicks
the_polar_express,chris_van_allsburg liam_neeson polar holiday gift express caldecott
ishmael:_an_adventure_of_the_mind_and_spirit,daniel_quinn adventure hereteacher ishmael librarian novel
just_listen,sarah_dessen annabel sophie owen sister kopf
the_unbecoming_of_mara_dyer,michelle_hodkin dyer mara stranger life believes
much_ado_about_nothing,william_shakespeare barbara_a._mowat paul_werstine gail_kern_paster robert__________jackson shakespeare literature comedies comedy theatrically
acheron,sherrilyn_kenyon acheron mankind centuries god cursed
silence,becca_fitzpatrick nora visions realizes unearthly angel
unwind,neal_shusterman connor lev war risa parents
sarah's_key,tatiana_de_rosnay tatiana julia sarah paris france
the_glass_menagerie,tennessee_williams mother dream shattered daughter jagged
dead_to_the_world,charlaine_harris sookie vampire vampires amnesia stackhouse
lady_chatterley's_lover,d.h._lawrence pornography affair portrayal 1960 extramarital
the_truth_about_forever,sarah_dessen macy isbn editions cover sheltered
hunted,p.c._cast kristin_cast zoey night kalona neferet rae
i_am_number_four,pittacus_lore superheroes powers stronger strong killed
into_thin_air:_a_personal_account_of_the_mount_everest_disaster,jon_krakauer krakauer everest clouds storm disaster
war_and_peace,leo_tolstoy henry_gifford aylmer_maude louise_maude tolstoy bezukhov andrei rostov napoleon
nine_stories,j.d._salinger salinger stories esmé published writer
the_last_lecture,randy_pausch jeffrey_zaslow pancreatic pausch lecture randy book
the_arabian_nights,anonymous richard_francis_burton a.s._byatt tales tale aladdin sorcerers stories
the_bronze_horseman,paullina_simons leningrad tatiana alexander 1941 metanov
being_and_time,martin_heidegger philosophy philosophical literature psychology intellectual
i_capture_the_castle,dodie_smith cassandra diary journal household mortmain
twelfth_night,william_shakespeare melancholy merrymakers malvolio comedy clown
coraline,neil_gaiman coraline gaiman novel tale doors
heir_of_fire,sarah_j._maas celaena sequel book readers evil
swann's_way,marcel_proust simon_vance lydia_davis swann marcel goodnight night waking
pet_sematary,stephen_king death dead creeds maine terrifying
angelfall,susan_ee angels angel apocalypse gangs rescue
a_discovery_of_witches,deborah_harkness sorcery diana witches manuscript alchemical
far_from_the_madding_crowd,thomas_hardy rosemarie_morgan shannon_russell wessex novel hardy shepherd boldwood
wicked_lovely,melissa_marr faeries aislinn faery queen invisible
the_bean_trees,barbara_kingsolver greer spirited motherhood taylor rural
the_elite,kiera_cass maxon elite aspen prince competition
interpreter_of_maladies,jhumpa_lahiri indian lahiri culture cultural yorker
little_house_on_the_prairie,laura_ingalls_wilder garth_williams adventures laura hunting woods kansas
slammed,colleen_hoover layken poetry relationship tenacious passion
all_the_light_we_cannot_see,anthony_doerr werner novel book pulitzer marie
p.s._i_love_you,cecelia_ahern novel holly paperback gerry cecelia
the_horse_and_his_boy,c.s._lewis horse narnia shasta race plot
the_red_pyramid,rick_riordan carter sadie grandparents siblings father
cyrano_de_bergerac,edmond_rostand eteel_lawson lowell_bair literature gallant edmond poet reign
2001:_a_space_odyssey,arthur_c._clarke moon enigma novels fiction solar
the_grapes_of_wrath,john_steinbeck steinbeck pulitzer novel injustice book
drums_of_autumn,diana_gabaldon brianna claire novel outlander diana
little_house_in_the_big_woods,laura_ingalls_wilder garth_williams laura woods wolves trees neighbors
world_without_end,ken_follett cathedral sequel priory end world
sabriel,garth_nix abhorsen sabriel kingdom novel ancelstierre
the_darkest_minds,alexandra_bracken ruby risk frightening thurmond dangerous
the_last_unicorn,peter_s._beagle unicorn unicorns magical magician whispers
a_court_of_thorns_and_roses,sarah_j._maas feyre faerie forest deer survival
cutting_for_stone,abraham_verghese childbirth twins ethiopia healing surgeon
the_goose_girl,shannon_hale kiladra grimm anidora fairy princess
ignite_me,tahereh_mafi novels book juliette author saga
all_the_king's_men,robert_penn_warren warren huey novel governor willie
julius_caesar,william_shakespeare roma_gill فرنگیس_شادمان shakespeare playwright literary endnotes summaries
peace_like_a_river,leif_enger novel reuben literature jeremiah river
speaker_for_the_dead,orson_scott_card john_bruce_harris ender novel aliens xenocide book
city_of_glass,cassandra_clare clary shadowhunter jace shadowhunters vampire
mythology:_timeless_tales_of_gods_and_heroes,edith_hamilton steele_savage mythology tales myths literature antiquity
lover_eternal,j.r._ward vampire vampires shadows dark mary
before_i_fall,lauren_oliver novel author book fiction valentines
the_eyre_affair,jasper_fforde eyre literature novel literary suspenseful
shadowfever,karen_marie_moning fae evil mythical destiny mac
we_need_to_talk_about_kevin,lionel_shriver motherhood parenthood bestseller eva estranged
a_dog's_purpose,w._bruce_cameron dog puppy pet mutt life
anne_of_avonlea,l.m._montgomery anne gables orphan orphans gilbert
left_behind,tim_lahaye jerry_b._jenkins 747 passengers boeing plane apocalypse
the_westing_game,ellen_raskin westing millionaire sam fortune samuel
seabiscuit:_an_american_legend,laura_hillenbrand racehorse racehorses jockey horse racing
the_memory_keeper's_daughter,kim_edwards phoebe infant norah birth families
hyperion,dan_simmons hyperion shrike armageddon transcendent brooding
poison_study,maria_v._snyder yelena poison murder assassination kill
no_country_for_old_men,cormac_mccarthy novel mccarthy trilogy moss rustlers
the_talisman,stephen_king peter_straub sawyer talisman autumn jack novel
the_secret,rhonda_byrne attraction secret byrne foreword anniversary
the_queen_of_the_damned,anne_rice vampire vampires vampirism lestat hypnotic
gone,michael__grant disappear teens disappears hunger kids
i_am_legend_and_other_stories,richard_matheson neville vampire vampires dead undead
the_silver_chair,c.s._lewis pauline_baynes narnia jill aslan quest witch
possession,a.s._byatt possession novel poems poets tale
native_son,richard_wright novel murder thomas rape wright
darkfever,karen_marie_moning fae mackayla book possessed elusive
the_art_of_war,sun_tzu thomas_cleary نادر_سعیدی warfare tzu war strategy battlefield
the_history_of_love,nicole_krauss book author alma isbn lost
angels_&_demons,dan_brown illuminati langdon vatican rome demons
where_she_went,gayle_forman mia adam grief romance rekindled
rosencrantz_and_guildenstern_are_dead,tom_stoppard henry_popkin hamlet rosencrantz illusion guildenstern worm
pretties,scott_westerfeld tally ugly pretty popular luxury
john_adams,david_mccullough adams mccullough 1776 thomas abigail
oedipus_rex,sophocles j.e._thomas oedipus sophocles literary rex king
house_of_sand_and_fog,andre_dubus_iii dubus realism shakespearean tragedy conflict
foucault's_pendulum,umberto_eco william_weaver foucault pendulum templar occult conspiracy
the_knife_of_never_letting_go,patrick_ness prentisstown towns town silence away
the_killer_angels,michael_shaara casualties battle armies war fought
inheritance,christopher_paolini eragon dragon alagaësia inheritance rider
tempted,p.c._cast kristin_cast zoey priestess immortal rae kalona
the_yellow_wallpaper_and_other_stories,charlotte_perkins_gilman tales tale stories feminist story
aristotle_and_dante_discover_the_secrets_of_the_universe,benjamin_alire_sáenz aristotle dante ari friendship prison
the_blind_assassin,margaret_atwood novel writers atwood blind fiction
prince_caspian,c.s._lewis pevensie throne siblings prince battle
one_for_the_money,janet_evanovich stephanie joe morelli plum girlfriend
six_of_crows,leigh_bardugo kaz brekker ketterdam convict sharpshooter
a_people's_history_of_the_united_states,howard_zinn histories zinn history book author
lover_unbound,j.r._ward vishous whitcomb surgeon mortal brotherhood
champion,marie_lu june marie trilogy plague republic
persuasion,jane_austen james_kinsley deidre_shauna_lynch austen anne novel jane elliot
the_scorch_trials,james_dashner maze gladers wicked thomas escape
the_bourne_identity,robert_ludlum bourne jason isbn assassin thief
the_bad_beginning,lemony_snicket brett_helquist misfortune baudelaire tales misery tale
the_night_before_christmas,clement_c._moore jan_brett reindeer sleigh ornaments christmas snowy
alanna:_the_first_adventure,tamora_pierce alanna knighthood knight convent castle
gravity's_rainbow,thomas_pynchon ulysses rainbow joyce book epic
a_heartbreaking_work_of_staggering_genius,dave_eggers exhilaration fatalism disaster memoir revenge
a_breath_of_snow_and_ashes,diana_gabaldon jamie 1776 fraser scotsman ashes
the_raven_boys,maggie_stiefvater raven clairvoyant sees seer spirit
one_day_in_the_life_of_ivan_denisovich,aleksandr_solzhenitsyn h.t._willetts tolstoy solzhenitsyn denisovich dosotevsky stalin
a_wizard_of_earthsea,ursula_k._le_guin sorcerer ged dragon tamed earthsea
the_magus,john_fowles novels magus nicholas literary fowles
jitterbug_perfume,tom_robbins perfume essence bottle jitterbug saga
prodigal_summer,barbara_kingsolver summer prodigal forested wildlife appalachia
the_left_hand_of_darkness,ursula_k._le_guin darkness fiction alien psychology civilization
the_haunting_of_hill_house,shirley_jackson laura___miller haunting hill montague house eleanor
corelli's_mandolin,louis_de-bernières corelli mussolini benito novels fictions
oryx_and_crake,margaret_atwood oryx snowman crake jimmy journey
grimm's_fairy_tales,jacob_grimm wilhelm_grimm منى_الخميسي edward_robert_hughes grimm tales fairy germanic hansel
message_in_a_bottle,nicholas_sparks novel romance readers heartbreaking suspense
a_brief_history_of_time,stephen_hawking wormholes hawking universe cosmic discoveries
if_on_a_winter's_night_a_traveler,italo_calvino william_weaver novel reading reader narration book
love_story,erich_segal oliver novels book adored radcliffe
the_no._1_ladies'_detective_agency,alexander_mccall_smith ramotswe botswana precious detective daughter
we_were_liars,e._lockhart liars lie novel lies secret
the_return_of_the_king,j.r.r._tolkien tolkien aragorn gollum mordor rohan
papillon,henri_charrière henri charrière papillon autobiography butterfly
the_fiery_cross,diana_gabaldon prophecy future revolution war claire
night_watch,terry_pratchett policeman revolutions revolution officer killer
glass_houses,rachel_caine claire morganville dorm warden danvers
all_the_bright_places,jennifer_niven violet finch novel eleanor asher
the_book_of_mormon:_another_testament_of_jesus_christ,anonymous joseph_smith_jr. mormon prophets scripture bible gospel
the_shell_seekers,rosamunde_pilcher penelope seekers novel shell reading
the_edge_of_never,j.a._redmerski camryn road life daring desires
prodigy,marie_lu traitor rebel assassinating republic patriots
veronika_decides_to_die,paulo_coelho margaret_jull_costa veronika alchemist patients overdose dying
confessions_of_a_shopaholic,sophie_kinsella becky bloomwood magazine read writing
the_big_sleep,raymond_chandler chandler detective marlowe novel novels
1q84,haruki_murakami jay_rubin philip_gabriel novel narratives ghostwriting haruki murakami
the_omnivore's_dilemma:_a_natural_history_of_four_meals,michael_pollan eating omnivore food dinner america
a_christmas_carol,charles_dickens joe_l._wheeler scrooge christmas merry holidays carol
club_dead,charlaine_harris vampire sookie underworld waitress cocktail
lover_revealed,j.r._ward butch marissa vampire neal brotherhood
bury_my_heart_at_wounded_knee:_an_indian_history_of_the_american_west,dee_brown sioux dakota tribes hardcover nineteenth
angle_of_repose,wallace_stegner novel stegner historian pultizer wheelchair
"i'd_tell_you_i_love_you,_but_then_i'd_have_to_kill_you",ally_carter cia morgan cammie spies spy
the_elegance_of_the_hedgehog,muriel_barbery alison_anderson novel daughter adolescent renée child
ivanhoe,walter_scott medievalism ivanhoe novels scott victorian
queen_of_shadows,sarah_j._maas celaena queen throne galathynius kingdom
scarlet,marissa_meyer cinder scarlet kai wolf cyborg
anthem,ayn_rand rand anthem egalitarian independence individualism
the_aeneid,virgil robert_fitzgerald aeneas aeneid virgil iliad ancient
lover_avenged,j.r._ward rehvenge vampire brotherhood reveal secret
jude_the_obscure,thomas_hardy jude fawley arabella christminster university
linger,maggie_stiefvater longing grace wolf werewolf embracing
the_jungle_books,rudyard_kipling alev_lytle_croutier kipling jungle mowgli literary bagheera
my_name_is_asher_lev,chaim_potok asher lev novel visionary artist
watchers,dean_koontz novel author genetically creation terrifying
living_dead_in_dallas,charlaine_harris vampire vampires sookie bloodsuckers waitress
odd_thomas,dean_koontz mundo ominous wyatt darkness dead
cosmos,carl_sagan cosmos cosmological cosmic astronomical universe
the_sirens_of_titan,kurt_vonnegut sirens titan malachi richest vonnegut
the_alienist,caleb_carr alienist criminology fiction bestseller moore
from_the_mixed-up_files_of_mrs._basil_e._frankweiler,e.l._konigsburg claudia statue museum michelangelo art
ender's_shadow,orson_scott_card battleschool bean battle rival fighting
assassin's_apprentice,robin_hobb fitz farseer nobility chivalry wit
"freakonomics:_a_rogue_economist_explores_the_hidden_side_of_everything_(freakonomics,_#1)",steven_d._levitt stephen_j._dubner economics economist crime finance freakonomics
one_day,david_nicholls dexter emma morley 1988 mayhew
the_power_of_myth,joseph_campbell bill_moyers mythology myth lennon campbell writer
gift_from_the_sea,anne_morrow_lindbergh lindbergh lindberghs anne sea inspiration
the_story_of_my_life,helen_keller keller helen book miracle reader
song_of_solomon,toni_morrison milkman novel cast born dead
the_corrections,jonathan_franzen novel alfred franzen brooding book
under_the_dome,stephen_king newspaper rennie wreckage fall dome
the_bluest_eye,toni_morrison novels novel bluest eyed eyes
the_portrait_of_a_lady,henry_james patricia_crick isabel archer spirited tale cruelty
night,elie_wiesel marion_wiesel françois_mauriac auschwitz wiesel buchenwald transylvania camps
cryptonomicon,neal_stephenson cryptonomicon crypt secrecy encryption convoy
walk_two_moons,sharon_creech tales phoebe story grandparents mother
"one_fish,_two_fish,_red_fish,_blue_fish",dr._seuss fish seuss book creatures rhyming
princess_academy,shannon_hale princess miri prince mountain mistress
because_of_winn-dixie,kate_dicamillo dixie bestseller paperback newbery novel
the_namesake,jhumpa_lahiri lahiri hemingway assimilation writer indian
hard-boiled_wonderland_and_the_end_of_the_world,haruki_murakami alfred_birnbaum wonderland kafkaesque murakami novel fiction
digital_fortress,dan_brown cia nsa bestseller cryptographer vinci
the_magic_mountain,thomas_mann john_e._woods alps mountain mann sickness novel
a_monster_calls,patrick_ness jim_kay siobhan_dowd nightmare monstrous novel darkly conor
finale,becca_fitzpatrick nora angels battle vendetta patch
a_canticle_for_leibowitz,walter_m._miller_jr. leibowitz novel literature writings walter
mary_poppins,p.l._travers mary_shepard poppins nanny banks mary tree
an_abundance_of_katherines,john_green katherines katherine dumped colin novel
the_sisterhood_of_the_traveling_pants,ann_brashares carmen jeans pants sisterhood bridget
howards_end,e.m._forster husband family willed refuses smug
battle_royale,koushun_takami yuji_oniki thriller takami koushun bestseller royale
dreamfever,karen_marie_moning fae mackayla novel book seductive
howl_and_other_poems,allen_ginsberg william_carlos_williams poem poems literature poetic literary
city_of_ashes,cassandra_clare clary shadowhunter shadowhunters jace betray
fire,kristin_cashore prince king kingdom throne peaceful
i_am_the_messenger,markus_zusak kennedy diamondssurvive robbery ace spadesfeel
something_wicked_this_way_comes,ray_bradbury halloween carnival nightmare shadow satanic
reflected_in_you,sylvia_day gideon tormented obsession addiction passion
it's_kind_of_a_funny_story,ned_vizzini craig suicidal gilner teenager psychiatric
starship_troopers,robert_a._heinlein war interstellar infantry battle heinlein
cold_sassy_tree,olive_ann_burns sassy bestseller gossip georgia scandal
collected_fictions,jorge_luis_borges andrew_hurley borges writer fictions spanish ficciones
the_moon_is_a_harsh_mistress,robert_a._heinlein revolt revolution novel rebellion colony
ruby_red,kerstin_gier anthea_bell gwyneth shepherd charlotte gideon time
crank,ellen_hopkins kristina crank daughter hopkins meth
the_death_cure,james_dashner wicked maze thomas ends line
gabriel's_inferno,sylvain_reynard dante gabriel inferno emerson seduction
unravel_me,tahereh_mafi trilogy literature author juliette deadly
the_reckoning,kelley_armstrong chloe werewolf necromancer dead simon
walking_disaster,jamie_mcguire travis maddox disaster love invincible
cress,marissa_meyer thorne cinder levana scarlet wolf
illusions:_the_adventures_of_a_reluctant_messiah,richard_bach clouds messiahs messiah bach airplanes
sense_and_sensibility,jane_austen tony_tanner ros_ballaster sensibility marianne romantic editions love
the_invention_of_hugo_cabret,brian_selznick hugo orphan thief secrets stolen
death_on_the_nile,agatha_christie cruise linnet trigger pistol nile
tender_is_the_night,f._scott_fitzgerald tender night romance romantic rosemary
the_restaurant_at_the_end_of_the_universe,douglas_adams trillian annihilation tricia warlike vogons
ethan_frome,edith_wharton ethan wharton novel edith fiction
revolutionary_road,richard_yates frank wheeler yates april couple
antigone,sophocles j.e._thomas oedipus antigone sophocles greek jocasta
daughter_of_the_forest,juliet_marillier sorcha sevenwaters enchantress spell magic
specials,scott_westerfeld tally rebellious clarity words dangerously
the_golden_lily,richelle_mead alchemist alchemists vampire sydney vampires
the_witch_of_blackbird_pond,elizabeth_george_speare blackbird witchcraft kit orphaned witch
the_two_towers,j.r.r._tolkien peter_beagle gollum ring mordor sauron fellowship
the_sea_of_tranquility,katja_millay josh clairvoyants magic secrets life
the_hotel_new_hampshire,john_irving bear illusions freud author bears
small_gods,terry_pratchett miracle religion tortoise gods manifestation
a_million_little_pieces,james_frey book literary frey author publisher
twenty_thousand_leagues_under_the_sea,jules_verne anthony_bonner nemo submarine atlantis nautilus expedition
dandelion_wine,ray_bradbury summer season timeless year bradbury
exodus,leon_uris exodus novel israeli geopolitical uris
one_foot_in_the_grave,jeaniene_frost crawfield vampire undead vamps cat
guilty_pleasures,laurell_k._hamilton vampire anita blake claude louis
the_sparrow,mary_doria_russell extraterrestrial humanity jesuits human planet
kane_and_abel,jeffrey_archer born kane generations abel battle
i'll_give_you_the_sun,jandy_nelson jude noah twins novel twin
words_of_radiance,brandon_sanderson kaladin shallan dalinar rulers assassin
burned,p.c._cast kristin_cast zoey trust trusting loyalty rae
still_alice,lisa_genova alzheimer forgetfulness novel alice neuroscience
forrest_gump,winston_groom forrest gump story hero comic
the_lies_of_locke_lamora,scott_lynch locke thieves orphan orphans nobles
definitely_dead,charlaine_harris sookie inheritance relatives hadley stackhouse
"night_world,_no._1",l.j._smith vampirebook vampire vampires witches darkness
"absalom,_absalom!",william_faulkner faulkner absalom novels novel literary
the_forgotten_garden,kate_morton cassandra fairytales tales nell book
nausea,jean-paul_sartre lloyd_alexander hayden_carruth nausea existentialist novel roquentin sartre
the_agony_and_the_ecstasy,irving_stone שמואל_שניצר michelangelo biographical novel irving anniversary
"the_poetry_of_robert_frost_(collected_poems,_complete_&_unabridged)",robert_frost edward_connery_lathem poems poetry frost verse pulitzer
ficciones,jorge_luis_borges anthony_kerrigan anthony_bonner borges ficciones books labyrinth babylon
the_lucky_one,nicholas_sparks thibault fortune suspense fate logan
christy,catherine_marshall christy train huddleston cutter smoky
pandemonium,lauren_oliver lena novel delirium buried bestseller
how_to_win_friends_and_influence_people,dale_carnegie influence achieve success work advice
the_color_of_magic,terry_pratchett novels voyage pratchett discworld wizard
the_hunt_for_red_october,tom_clancy clancy thriller espionage bestseller missile
"84,_charing_cross_road",helene_hanff helene book books relationship writer
the_gargoyle,andrew_davidson gargoyles gargoyle novel engelthal literary
the_wedding,nicholas_sparks wedding affair wilson marriage novel
trainspotting,irvine_welsh novel boyle life choose inspiration
geek_love,katherine_dunn geek binewskis family genghis paterfamilias
the_passage,justin_cronin catastrophe survival apocalyptic amy escape
a_connecticut_yankee_in_king_arthur's_court,mark_twain literature nineteenth century enduring contemporary
the_bridges_of_madison_county,robert_james_waller kincaid madison francesca robert bridges
the_7_habits_of_highly_effective_people:_powerful_lessons_in_personal_change,stephen_r._covey book habits reading covey lazy
the_millennium_trilogy,stieg_larsson reg_keeland larsson trilogy novels blomkvist stockholm
lover_mine,j.r._ward matthew darius john assassin vampire
how_green_was_my_valley,richard_llewellyn welsh valley wales novel novels
the_story_of_edgar_sawtelle,david_wroblewski edgar storyteller sawtelle sawtelles wilderness
wild_swans:_three_daughters_of_china,jung_chang mao chang generation generations jung
the_city_of_ember,jeanne_duprau ember darkness parchment words storerooms
dead_as_a_doornail,charlaine_harris sookie supernatural panther jason shapeshifters
on_writing:_a_memoir_of_the_craft,stephen_king writer king writers stephen memoir
faefever,karen_marie_moning fae darkfever novel dark book
"roll_of_thunder,_hear_my_cry",mildred_d._taylor cassie logans logan land family
thoughtless,s.c._stephens kellan kiera denny kyle relationship
where_the_heart_is,billie_letts novalee sevens seven unlucky thelma
all_together_dead,charlaine_harris vampire vamps sookie quinn orleans
easy,tammara_webber novel trust attraction genre secretive
mystic_river,dennis_lehane thriller novel sean devine river
the_awakening_/_the_struggle,l.j._smith elena vampire ace stefan book
from_dead_to_worse,charlaine_harris vampire sookie vamps quinn katrina
the_sorrows_of_young_werther,johann_wolfgang_von_goethe burton_pike edla_valdna goethe novel romanticism johann autobiographical
beach_music,pat_conroy novel novels lyric author tides
a_walk_in_the_woods,bill_bryson hike appalachian trail bryson mountains
a_moveable_feast,ernest_hemingway hemingway writer memoir writers writing
emma,jane_austen fiona_stafford emma austen harriet woodhouse knightley
on_the_beach,nevil_shute submarine survivors captain nuclear world
fantasy_lover,sherrilyn_kenyon grace tormented cursed slave curse
the_bonfire_of_the_vanities,tom_wolfe wolfe sherman mccoy avenue satire
the_pact,jodi_picoult emily chris hartes golds detective
invisible_monsters_remix,chuck_palahniuk novel fashion memoir book remix
sonnets,william_shakespeare katherine_duncan-jones sonnets shakespeare poems eliot poetic
onyx,jennifer_l._armentrout daemon dod betrayed stay department
red_queen,victoria_aveyard silver princess mare silvers blood
the_rime_of_the_ancient_mariner,samuel_taylor_coleridge gustave_doré poem poems poetry poet ballads
bitten,kelley_armstrong elena werewolves werewolf realizes michaels
wings,aprilynne_pike faeries laurel petals eyes extraordinary
tiger's_curse,colleen_houck fate destiny passion prophecy loyalty
beauty:_a_retelling_of_the_story_of_beauty_and_the_beast,robin_mckinley beauty enchanted beast prisoner imprisonment
deception_point,dan_brown nasa deception arctic ice satellite
the_amulet_of_samarkand,jonathan_stroud nathaniel magician magicians arthur underwood
holy_bible:_new_international_version,anonymous bible english international language modern
choke,chuck_palahniuk victor mancini chuck scam patrons
the_goldfinch,donna_tartt theo goldfinch labyrinth underworld painting
still_life_with_woodpecker,tom_robbins woodpecker life exiled moon camel
redwall,brian_jacques mice rat mouse quest battle
"these_is_my_words:_the_diary_of_sarah_agnes_prine,_1881-1901,_arizona_territories",nancy_e._turner memoirs sarah author enduring heartfelt
the_bhagavad_gita,krishna-dwaipayana_vyasa simon_brodbeck juan_mascaró gita bhagavad krishna sanskrit arjuna
orlando,virginia_woolf woolf orlando novel literature elizabeth
the_dark_tower,stephen_king gunslinger book king roland tower
dead_and_gone,charlaine_harris vamps werewolves sookie vampires undead
passion,lauren_kate luce daniel lifetime forever choose
mort,terry_pratchett novels pratchett bestseller mort twain
unearthly,cynthia_hand visions clara angelic destiny angel
red_rising,pierce_brown generations dream mars darrow live
pale_fire,vladimir_nabokov nabokov poet kinbote poem beaver
the_house_of_mirth,edith_wharton nina_bawden marriage luxury bart lily house
around_the_world_in_eighty_days,jules_verne michael_glencross brian_w._aldiss travel travelling sailing jules transport
the_five_love_languages:_how_to_express_heartfelt_commitment_to_your_mate,gary_chapman couples love language gift loved
blue_bloods,melissa_de_la_cruz bloods blood vampires schuyler blue
survivor,chuck_palahniuk branson survivor amphetamine chronicletender fame
along_for_the_ride,sarah_dessen auden sarah nocturnal daughter loner
every_day,david_levithan justin day girlfriend life morning
beastly,alex_flinn beast beastly monster creature wolf
the_brief_wondrous_life_of_oscar_wao,junot_díaz oscar dominican diaz tolkien literary
fablehaven,brandon_mull fablehaven witches fairies mystical kendra
eleven_minutes,paulo_coelho margaret_jull_costa maria minutes sex love sexual
all_the_pretty_horses,cormac_mccarthy horses cole grady ranchers adventure
the_guardian,nicholas_sparks julie barenson dane richard husband
the_horse_whisperer,nicholas_evans novel booker horse annie novelists
disgrace,j.m._coetzee coetzee novel lurie apartheid poetry
the_story_of_ferdinand,munro_leaf robert_lawson ferdinand bullfights madrid bulls comic
we,yevgeny_zamyatin clarence_brown евгений_замятин huxley novel dystopian 1984 orwell
the_indigo_spell,richelle_mead alchemist alchemists sydney witches vampire
the_razor's_edge,w._somerset_maugham maugham novels larry odyssey darrell
the_ruins_of_gorlan,john_flanagan rangers ranger morgarath scared kingdom
safe_haven,nicholas_sparks katie empathic suspense author widowed
silas_marner,george_eliot eliot silas novels literary author
dead_witch_walking,kim_harrison vampires rachel darkness night predator
shutter_island,dennis_lehane island teddy disappearance 1954 daniels
this_lullaby,sarah_dessen remy dexter relationships isbn13 love
at_grave's_end,jeaniene_frost vampires vampire grave buried cleopatra
journey_to_the_end_of_the_night,louis-ferdinand_céline ralph_manheim william_t._vollmann novel literary celine louis book
childhood's_end,arthur_c._clarke overlords civilization humankind ceases peace
"will_grayson,_will_grayson",john_green david_levithan graysons grayson naperville meets chicago
the_taming_of_the_shrew,william_shakespeare chris_abraham barry_avrich shakespeare arden shrew plays taming
a_bend_in_the_road,nicholas_sparks miles sarah ryan heartbreaking wounds
the_long_walk,richard_bachman stephen_king warnings race walk exceed limit
to_all_the_boys_i've_loved_before,jenny_han lara loves story boys loved
suzanne's_diary_for_nicholas,james_patterson diary novel suspenseful suspense climax
the_hero_of_ages,brandon_sanderson assassin ascension elend emperor ruin
the_far_pavilions,m.m._kaye novel pelham mutiny indian adventure
running_with_scissors,augusten_burroughs childhood story santa outlaw pedophile
ugly_love,colleen_hoover tate miles mutual love attraction
songs_of_innocence_and_of_experience,william_blake poems innocence blake songs printed
the_ocean_at_the_end_of_the_lane,neil_gaiman sussex farmhouse ocean fable darkness
holy_bible:_king_james_version,anonymous bible scriptures leatherflex concordance leather
the_runaway_jury,john_grisham juror jurors jury trial manipulated
smilla's_sense_of_snow,peter_høeg tiina_nunnally snow smilla ice greenlander jaspersen
wizard_and_glass,stephen_king dave_mckean roland stranded blaine encountered susannah
hex_hall,rachel_hawkins sophie witches vampire witch warlock
nightshade,andrea_cremer calla author eternal wolf tor
the_maltese_falcon,dashiell_hammett spade wonderley archer shaughnessy sam
point_of_retreat,colleen_hoover pumpkins layken relationship hardships heartache
white_noise,don_delillo ultramodern noise sirens consumerism hitler
light_in_august,william_faulkner faulkner novel light contrasts haunted
walks_away_woman,ki_longfellow longfellow thirst magdalene author hunger
the_devil_wears_prada,lauren_weisberger prada andrea miranda novel cosmopolitans
a_passage_to_india,e.m._forster oliver_stallybrass pankaj_mishra forster indian chandrapore imperialism aziz
the_last_of_the_mohicans,james_fenimore_cooper wilderness novel wild woodsman tales
to_live_and_die_in_fantasyland,ben_peller fantasylands fantasy trilogy fantastical stephen
the_man_without_qualities,robert_musil burton_pike sophie_wilkins josef franz vienna ulrich novel
lock_and_key,sarah_dessen ruby cora sarah nate house
sometimes_a_great_notion,ken_kesey novel books author cuckoo tale
the_iron_queen,julie_kagawa bestseller banished meghan prince fey
evernight,claudia_gray bianca lucas escape secrets evernight
lover_enshrined,j.r._ward vampire vampires brotherhood phury bloodlines
a_river_runs_through_it_and_other_stories,norman_maclean annie_proulx river maclean haunted novellas woods
cry_wolf,patricia_briggs werewolves werewolf wolf anna hunt
on_dublin_street,samantha_young jocelyn braden scotsman solitary relationship
school's_out—forever,james_patterson bird brave clone max flock
"gödel,_escher,_bach:_an_eternal_golden_braid",douglas_r._hofstadter hofstadter cognitive intelligence systems bach
valley_of_the_dolls,jacqueline_susann dolls bottle pill anne jennifer
birdsong,sebastian_faulks novel birdsong fiction tempestuous trenches
the_blood_of_olympus,rick_riordan hades athena ghost reyna ghosts
the_short_second_life_of_bree_tanner,stephenie_meyer bree vampire vampires newborn newborns
saving_the_world_and_other_extreme_sports,james_patterson captivity evolution max fang winged
let_the_right_one_in,john_ajvide_lindqvist 1981 autumn murder oskar teenage
the_kitchen_god's_wife,amy_tan helen pearl winnie secrets story
a_doll's_house,henrik_ibsen michael___meyer doll victorian 1879 playwright house
for_one_more_day,mitch_albom mitch charley father ghost haunting
awakened,p.c._cast kristin_cast zoey skye priestess vampyre betray
a_study_in_scarlet,arthur_conan_doyle sherlock detective holmes murder watson
percy_jackson_and_the_olympians,rick_riordan percy poseidon mythological underworld olympians
the_stinky_cheese_man_and_other_fairly_stupid_tales,jon_scieszka lane_smith tales storyteller cinderumpelstilskin children princess
the_winds_of_war,herman_wouk remembrance novel wouk fiction storytellers
the_drawing_of_the_three,stephen_king roland gunslinger king tower stephen
helter_skelter:_the_true_story_of_the_manson_murders,vincent_bugliosi curt_gentry manson murders prosecuting haunting vincent
memnoch_the_devil,anne_rice lestat vampire dora devil purgatory
across_the_universe,beth_revis amy spaceship seventeen frozen murder
the_great_divorce,c.s._lewis heaven lewis allegory afterworld classics
the_murder_of_roger_ackroyd,agatha_christie agatha detective novels ackroyd murder
forbidden,tabitha_suzuma maya siblings seventeen sister lochan
shadow_and_bone,leigh_bardugo alina grisha darkness ravka secrets
fall_on_your_knees,ann-marie_macdonald pipers sisters breton family literary
the_girl_on_the_train,paula_hawkins rachel jess commuter train lives
blue_moon,alyson_noel immortal damen seductive mystical abilities
swan_song,robert_r._mccammon evil scarlet malevolent swan war
the_fountainhead,ayn_rand leonard_peikoff fountainhead novel literary rand peikoff
bloodfever,karen_marie_moning fae sorcery revenge celtic magic
anansi_boys,neil_gaiman charlie god spider dead nancy
the_tempest,william_shakespeare david_lindley israel_gollancz barbara_a._mowat jeremy_herrin paul_werstine ian_russell shakespeare books isbn13 summaries play
half-blood,jennifer_l._armentrout bloods blood aiden hematoi covenant
the_iron_daughter,julie_kagawa meghan faeries faery princess prince
magician,raymond_e._feist magician magic enchanted feist orphan
the_valley_of_horses,jean_m._auel ayla lion animals horse kinship
the_pilgrim's_progress,john_bunyan pilgrim journey salvation books temptations
a_town_like_alice,nevil_shute novel heroine englishwoman nevil tale
this_present_darkness,frank_e._peretti ephesians darkness prayer spiritual battle
rules_of_attraction,simone_elkeles carlos fuentes alex danger kiara
"life,_the_universe_and_everything",douglas_adams annihilation krikkit universe armageddon destroy
storm_front,jim_butcher harry dresden wizardlost wizard potions
stones_from_the_river,ursula_hegi novel author trudi mother trudy
maus_i:_a_survivor's_tale:_my_father_bleeds_history,art_spiegelman hitler cartoonist jewish history father
naked_lunch,william_s._burroughs james_grauerholz barry__miles burroughs book tangier addiction heroin
eugene_onegin,alexander_pushkin james_e._falen poet literary poetic poem literature
origin,jennifer_l._armentrout katy daemon daedalus enemies disastrous
the_fall,albert_camus justin_o'brien monologue barrister epigrammatic clamence hypocrisy
forever,maggie_stiefvater wolf grace mercy sam wolves
tales_of_h.p._lovecraft,h.p._lovecraft joyce_carol_oates lovecraft tales writers genre joyce
dirk_gently's_holistic_detective_agency,douglas_adams cat chronologist book detective author
the_trigger:_hunting_the_assassin_who_brought_the_world_to_war,tim_butcher princip archduke sarajevo assassin balkans
destined_for_an_early_grave,jeaniene_frost vampire vamp undead cat gregor
"go,_dog._go!",p.d._eastman seuss reading canine books breeds
practical_magic,alice_hoffman sisters novel alice aunts owens
the_mysterious_benedict_society,trenton_lee_stewart carson_ellis children morse undercover tunnels gifted
the_tin_drum,günter_grass oskar nazi nightmare haunted birthday
the_time_quartet_box_set,madeleine_l'engle peter_sís newbery madeleine wrinkle readers engle
timeline,michael_crichton archaeologists cremated desert medieval survival
exotic_neurotic,kenneth_jarrett_singleton neurotic poetry exotic thematic synopsis
mother_night,kurt_vonnegut vonnegut librarian isbn campbell book
the_beekeeper's_apprentice,laurie_r._king holmes sherlock honeybee russell intellect
hogfather,terry_pratchett superstition susan fairy tooth dentally
a_dirty_job,christopher_moore charlie asher dead dirty death
the_collector,john_fowles andrés_barba miranda butterflies frederick unloved stranger
the_rescue,nicholas_sparks taylor fireman fires rescue sparks
the_glass_castle,jeannette_walls jeannette tale walls mary salvation
empire_of_storms,sarah_j._maas aelin throne galathynius erilea glass
the_color_of_water:_a_black_man's_tribute_to_his_white_mother,james_mcbride colors racial racism color black
brave_new_world_/_brave_new_world_revisited,aldous_huxley christopher_hitchens huxley novel fiction brave propaganda
hearts_in_atlantis,stephen_king narratives novel vietnam fiction book
house_of_leaves,mark_z._danielewski novel book leaves house darkness
the_client,john_grisham lawyer sway prosecutors mark crime
empire_falls,richard_russo novel empire pulitzer russo miles
starcrossed,josephine_angelini helen destiny myths fates tragedy
going_postal,terry_pratchett postmaster postal mail postmen morpork
batman:_the_dark_knight_returns,frank_miller klaus_janson lynn_varley batman gotham robin superheroes knight
the_tale_of_genji,murasaki_shikibu royall_tyler genji novel tale century japan
the_well_of_ascension,brandon_sanderson nobleman ancient empire ascension mistborn
the_raven_and_other_poems,edgar_allan_poe philip_pullman poems poetry dreams poe raven
we_have_always_lived_in_the_castle,shirley_jackson blackwood blackwoods constance arsenic merricat
nights_in_rodanthe,nicholas_sparks adrienne nicholas presents christmas sparks
harriet_the_spy,louise_fitzhugh harriet whitehead spy notebook welsch
"night_world,_no._2",l.j._smith angelbook vampire werewolves witches angel
the_decameron,giovanni_boccaccio g.h._mcwilliam decameron plague boccaccio florence death
the_way_of_shadows,brent_weeks durzo assassination assassins azoth author
germinal,émile_zola roger_pearson novel émile thirteenth etienne reading
the_dispossessed,ursula_k._le_guin shevek utopian physicist urras universe
till_we_have_faces,c.s._lewis cupid tale princesses lewis psyche
the_throne_of_fire,rick_riordan kane kanes magician magicians ra
the_song_of_achilles,madeline_miller achilles sparta trojan troy heroes
the_evolution_of_mara_dyer,michelle_hodkin mara jude noah dyer asylum
the_tale_of_despereaux,kate_dicamillo timothy_basil_ering newbery kate mouse tale despereaux
animal_farm_/_1984,george_orwell christopher_hitchens orwell farm animals 1984 revolution
switched,amanda_hocking wendy mother finn holmes monster
hawaii,james_a._michener hawaiian hawaii polynesian pulitzer islands
halo,alexandra_adornetto angels angel bethany gabriel xavier
year_of_wonders,geraldine_brooks 1666 plague housemaid heroine disease
hatchet,gary_paulsen stranded survival wilderness brian shelter
pretty_little_liars,sara_shepard alison secrets betrayed gossip secret
the_turn_of_the_screw,henry_james haunted governess flora estate children
